y,time,series
1.3,0,accessibility
1.4,0.5,accessibility
1.5,1,accessibility
1.6,1.5,accessibility
1.7,2,accessibility
1.8,2.5,accessibility
1.9,2.83,accessibility
2,3.17,accessibility
2.1,3.5,accessibility
2.2,3.83,accessibility
2.3,4.17,accessibility
2.4,4.5,accessibility
2.5,4.83,accessibility
2.6,5.17,accessibility
2.7,5.5,accessibility
2.8,5.83,accessibility
2.9,6.17,accessibility
3,6.5,accessibility
3.1,6.83,accessibility
3.2,7.17,accessibility
3.3,7.5,accessibility
3.4,7.83,accessibility
3.5,8.17,accessibility
3.6,8.5,accessibility
3.7,8.83,accessibility
3.8,9.17,accessibility
3.9,9.5,accessibility
4,9.83,accessibility
4.1,10.17,accessibility
4.2,10.5,accessibility
4.3,10.83,accessibility
4.4,11.17,accessibility
4.5,11.5,accessibility
4.6,11.83,accessibility
4.7,12.17,accessibility
4.8,12.5,accessibility
4.9,12.83,accessibility
5,13.17,accessibility
5.1,13.5,accessibility
5.2,13.83,accessibility
5.3,14.17,accessibility
5.4,14.5,accessibility
5.5,14.83,accessibility
5.6,15.17,accessibility
5.7,15.42,accessibility
5.8,15.67,accessibility
5.9,15.92,accessibility
6,16.17,accessibility
6.1,16.42,accessibility
6.2,16.67,accessibility
6.3,16.92,accessibility
6.4,17.17,accessibility
6.5,17.42,accessibility
6.6,17.67,accessibility
6.7,17.92,accessibility
6.8,18.17,accessibility
6.9,18.42,accessibility
7,18.67,accessibility
7.1,18.92,accessibility
7.2,19.17,accessibility
7.3,19.42,accessibility
7.4,19.67,accessibility
7.5,19.92,accessibility
7.6,20.17,accessibility
7.7,20.42,accessibility
7.8,20.67,accessibility
7.9,20.92,accessibility
8,21.17,accessibility
8.1,21.42,accessibility
8.2,21.67,accessibility
8.3,21.92,accessibility
8.4,22.17,accessibility
8.5,22.42,accessibility
8.6,22.67,accessibility
8.7,22.92,accessibility
8.8,23.17,accessibility
8.9,23.42,accessibility
9,23.67,accessibility
9.1,23.92,accessibility
9.2,24.17,accessibility
9.3,24.42,accessibility
9.4,24.67,accessibility
9.5,24.87,accessibility
9.6,25.07,accessibility
9.7,25.27,accessibility
9.8,25.47,accessibility
9.9,25.67,accessibility
10,25.87,accessibility
10.1,26.07,accessibility
10.2,26.27,accessibility
10.3,26.47,accessibility
10.4,26.67,accessibility
10.5,26.87,accessibility
10.6,27.07,accessibility
10.7,27.27,accessibility
10.8,27.47,accessibility
10.9,27.67,accessibility
11,27.87,accessibility
11.1,28.07,accessibility
11.2,28.27,accessibility
11.3,28.47,accessibility
11.4,28.67,accessibility
11.5,28.87,accessibility
11.6,29.07,accessibility
11.7,29.27,accessibility
11.8,29.47,accessibility
11.9,29.67,accessibility
12,29.87,accessibility
12.1,30.07,accessibility
12.2,30.27,accessibility
12.3,30.47,accessibility
12.4,30.67,accessibility
12.5,30.87,accessibility
12.6,31.07,accessibility
12.7,31.27,accessibility
12.8,31.47,accessibility
12.9,31.67,accessibility
13,31.87,accessibility
13.1,32.07,accessibility
13.2,32.23,accessibility
13.3,32.4,accessibility
13.4,32.57,accessibility
13.5,32.73,accessibility
13.6,32.9,accessibility
13.7,33.07,accessibility
13.8,33.23,accessibility
13.9,33.4,accessibility
14,33.57,accessibility
14.1,33.73,accessibility
14.2,33.9,accessibility
14.3,34.07,accessibility
14.4,34.23,accessibility
14.5,34.4,accessibility
14.6,34.57,accessibility
14.7,34.73,accessibility
14.8,34.9,accessibility
14.9,35.07,accessibility
15,35.23,accessibility
15.1,35.4,accessibility
15.2,35.57,accessibility
15.3,35.73,accessibility
15.4,35.9,accessibility
15.5,36.07,accessibility
15.6,36.23,accessibility
15.7,36.4,accessibility
15.8,36.57,accessibility
15.9,36.73,accessibility
16,36.9,accessibility
16.1,37.07,accessibility
16.2,37.23,accessibility
16.3,37.4,accessibility
16.4,37.57,accessibility
16.5,37.73,accessibility
16.6,37.9,accessibility
16.7,38.07,accessibility
16.8,38.23,accessibility
16.9,38.4,accessibility
17,38.54,accessibility
17.1,38.69,accessibility
17.2,38.83,accessibility
17.3,38.97,accessibility
17.4,39.11,accessibility
17.5,39.26,accessibility
17.6,39.4,accessibility
17.7,39.54,accessibility
17.8,39.69,accessibility
17.9,39.83,accessibility
18,39.97,accessibility
18.1,40.11,accessibility
18.2,40.26,accessibility
18.3,40.4,accessibility
18.4,40.54,accessibility
18.5,40.69,accessibility
18.6,40.83,accessibility
18.7,40.97,accessibility
18.8,41.11,accessibility
18.9,41.26,accessibility
19,41.4,accessibility
19.1,41.54,accessibility
19.2,41.69,accessibility
19.3,41.83,accessibility
19.4,41.97,accessibility
19.5,42.11,accessibility
19.6,42.26,accessibility
19.7,42.4,accessibility
19.8,42.54,accessibility
19.9,42.69,accessibility
20,42.83,accessibility
20.1,42.97,accessibility
20.2,43.11,accessibility
20.3,43.26,accessibility
20.4,43.4,accessibility
20.5,43.54,accessibility
20.6,43.69,accessibility
20.7,43.83,accessibility
20.8,43.95,accessibility
20.9,44.08,accessibility
21,44.2,accessibility
21.1,44.33,accessibility
21.2,44.45,accessibility
21.3,44.58,accessibility
21.4,44.7,accessibility
21.5,44.83,accessibility
21.6,44.95,accessibility
21.7,45.08,accessibility
21.8,45.2,accessibility
21.9,45.33,accessibility
22,45.45,accessibility
22.1,45.58,accessibility
22.2,45.7,accessibility
22.3,45.83,accessibility
22.4,45.95,accessibility
22.5,46.08,accessibility
22.6,46.2,accessibility
22.7,46.33,accessibility
22.8,46.45,accessibility
22.9,46.58,accessibility
23,46.7,accessibility
23.1,46.83,accessibility
23.2,46.95,accessibility
23.3,47.08,accessibility
23.4,47.2,accessibility
23.5,47.33,accessibility
23.6,47.45,accessibility
23.7,47.58,accessibility
23.8,47.7,accessibility
23.9,47.83,accessibility
24,47.95,accessibility
24.1,48.08,accessibility
24.2,48.2,accessibility
24.3,48.33,accessibility
24.4,48.45,accessibility
24.5,48.58,accessibility
24.6,48.69,accessibility
24.7,48.8,accessibility
24.8,48.91,accessibility
24.9,49.02,accessibility
25,49.13,accessibility
25.1,49.25,accessibility
25.2,49.36,accessibility
25.3,49.47,accessibility
25.4,49.58,accessibility
25.5,49.69,accessibility
25.6,49.8,accessibility
25.7,49.91,accessibility
25.8,50.02,accessibility
25.9,50.13,accessibility
26,50.25,accessibility
26.1,50.36,accessibility
26.2,50.47,accessibility
26.3,50.58,accessibility
26.4,50.69,accessibility
26.5,50.8,accessibility
26.6,50.91,accessibility
26.7,51.02,accessibility
26.8,51.13,accessibility
26.9,51.25,accessibility
27,51.36,accessibility
27.1,51.47,accessibility
27.2,51.58,accessibility
27.3,51.69,accessibility
27.4,51.8,accessibility
27.5,51.91,accessibility
27.6,52.02,accessibility
27.7,52.13,accessibility
27.8,52.25,accessibility
27.9,52.36,accessibility
28,52.47,accessibility
28.1,52.58,accessibility
28.2,52.69,accessibility
28.3,52.8,accessibility
28.4,52.91,accessibility
28.5,53.02,accessibility
28.6,53.12,accessibility
28.7,53.22,accessibility
28.8,53.32,accessibility
28.9,53.42,accessibility
29,53.52,accessibility
29.1,53.62,accessibility
29.2,53.72,accessibility
29.3,53.82,accessibility
29.4,53.92,accessibility
29.5,54.02,accessibility
29.6,54.12,accessibility
29.7,54.22,accessibility
29.8,54.32,accessibility
29.9,54.42,accessibility
30,54.52,accessibility
30.1,54.62,accessibility
30.2,54.72,accessibility
30.3,54.82,accessibility
30.4,54.92,accessibility
30.5,55.02,accessibility
30.6,55.12,accessibility
30.7,55.22,accessibility
30.8,55.32,accessibility
30.9,55.42,accessibility
31,55.52,accessibility
31.1,55.62,accessibility
31.2,55.72,accessibility
31.3,55.82,accessibility
31.4,55.92,accessibility
31.5,56.02,accessibility
31.6,56.12,accessibility
31.7,56.22,accessibility
31.8,56.32,accessibility
31.9,56.42,accessibility
32,56.52,accessibility
32.1,56.62,accessibility
32.2,56.72,accessibility
32.3,56.82,accessibility
32.4,56.92,accessibility
32.5,57.02,accessibility
32.6,57.12,accessibility
32.7,57.22,accessibility
32.8,57.32,accessibility
32.9,57.42,accessibility
33,57.51,accessibility
33.1,57.6,accessibility
33.2,57.7,accessibility
33.3,57.79,accessibility
33.4,57.88,accessibility
33.5,57.97,accessibility
33.6,58.06,accessibility
33.7,58.15,accessibility
33.8,58.24,accessibility
33.9,58.33,accessibility
34,58.42,accessibility
34.1,58.51,accessibility
34.2,58.6,accessibility
34.3,58.7,accessibility
34.4,58.79,accessibility
34.5,58.88,accessibility
34.6,58.97,accessibility
34.7,59.06,accessibility
34.8,59.15,accessibility
34.9,59.24,accessibility
35,59.33,accessibility
35.1,59.42,accessibility
35.2,59.51,accessibility
35.3,59.6,accessibility
35.4,59.7,accessibility
35.5,59.79,accessibility
35.6,59.88,accessibility
35.7,59.97,accessibility
35.8,60.06,accessibility
35.9,60.15,accessibility
36,60.24,accessibility
36.1,60.33,accessibility
36.2,60.42,accessibility
36.3,60.51,accessibility
36.4,60.6,accessibility
36.5,60.7,accessibility
36.6,60.79,accessibility
36.7,60.88,accessibility
36.8,60.97,accessibility
36.9,61.06,accessibility
37,61.15,accessibility
37.1,61.24,accessibility
37.2,61.33,accessibility
37.3,61.42,accessibility
37.4,61.51,accessibility
37.5,61.6,accessibility
37.6,61.7,accessibility
37.7,61.79,accessibility
37.8,61.88,accessibility
37.9,61.97,accessibility
38,62.06,accessibility
38.1,62.15,accessibility
38.2,62.24,accessibility
38.3,62.33,accessibility
38.4,62.42,accessibility
38.5,62.51,accessibility
38.6,62.6,accessibility
38.7,62.7,accessibility
38.8,62.79,accessibility
38.9,62.88,accessibility
39,62.97,accessibility
39.1,63.06,accessibility
39.2,63.15,accessibility
39.3,63.24,accessibility
39.4,63.32,accessibility
39.5,63.41,accessibility
39.6,63.49,accessibility
39.7,63.57,accessibility
39.8,63.66,accessibility
39.9,63.74,accessibility
40,63.82,accessibility
40.1,63.91,accessibility
40.2,63.99,accessibility
40.3,64.07,accessibility
40.4,64.16,accessibility
40.5,64.24,accessibility
40.6,64.32,accessibility
40.7,64.41,accessibility
40.8,64.49,accessibility
40.9,64.57,accessibility
41,64.66,accessibility
41.1,64.74,accessibility
41.2,64.82,accessibility
41.3,64.91,accessibility
41.4,64.99,accessibility
41.5,65.07,accessibility
41.6,65.16,accessibility
41.7,65.24,accessibility
41.8,65.32,accessibility
41.9,65.41,accessibility
42,65.49,accessibility
42.1,65.57,accessibility
42.2,65.66,accessibility
42.3,65.74,accessibility
42.4,65.82,accessibility
42.5,65.91,accessibility
42.6,65.99,accessibility
42.7,66.07,accessibility
42.8,66.16,accessibility
42.9,66.24,accessibility
43,66.32,accessibility
43.1,66.41,accessibility
43.2,66.49,accessibility
43.3,66.57,accessibility
43.4,66.66,accessibility
43.5,66.74,accessibility
43.6,66.82,accessibility
43.7,66.91,accessibility
43.8,66.99,accessibility
43.9,67.07,accessibility
44,67.16,accessibility
44.1,67.24,accessibility
44.2,67.32,accessibility
44.3,67.41,accessibility
44.4,67.49,accessibility
44.5,67.57,accessibility
44.6,67.66,accessibility
44.7,67.74,accessibility
44.8,67.82,accessibility
44.9,67.91,accessibility
45,67.99,accessibility
45.1,68.07,accessibility
45.2,68.16,accessibility
45.3,68.24,accessibility
45.4,68.32,accessibility
45.5,68.41,accessibility
45.6,68.49,accessibility
45.7,68.57,accessibility
45.8,68.66,accessibility
45.9,68.74,accessibility
46,68.82,accessibility
46.1,68.91,accessibility
46.2,68.99,accessibility
46.3,69.07,accessibility
46.4,69.16,accessibility
46.5,69.24,accessibility
46.6,69.32,accessibility
46.7,69.41,accessibility
46.8,69.49,accessibility
46.9,69.57,accessibility
47,69.66,accessibility
47.1,69.74,accessibility
47.2,69.82,accessibility
47.3,69.91,accessibility
47.4,69.99,accessibility
47.5,70.07,accessibility
47.6,70.16,accessibility
47.7,70.24,accessibility
47.8,70.32,accessibility
47.9,70.41,accessibility
48,70.49,accessibility
48.1,70.57,accessibility
48.2,70.66,accessibility
48.3,70.74,accessibility
48.4,70.82,accessibility
48.5,70.91,accessibility
48.6,70.99,accessibility
48.7,71.07,accessibility
48.8,71.16,accessibility
48.9,71.24,accessibility
49,71.32,accessibility
49.1,71.41,accessibility
49.2,71.49,accessibility
49.3,71.57,accessibility
49.4,71.66,accessibility
49.5,71.74,accessibility
49.6,71.82,accessibility
49.7,71.91,accessibility
49.8,71.99,accessibility
49.9,72.07,accessibility
50,72.16,accessibility
50.1,72.24,accessibility
50.2,72.32,accessibility
50.3,72.41,accessibility
50.4,72.49,accessibility
50.5,72.57,accessibility
50.6,72.66,accessibility
50.7,72.74,accessibility
50.8,72.82,accessibility
50.9,72.91,accessibility
51,72.99,accessibility
51.1,73.07,accessibility
51.2,73.16,accessibility
51.3,73.24,accessibility
51.4,73.32,accessibility
51.5,73.41,accessibility
51.6,73.49,accessibility
51.7,73.57,accessibility
51.8,73.66,accessibility
51.9,73.74,accessibility
52,73.82,accessibility
52.1,73.91,accessibility
52.2,73.99,accessibility
52.3,74.07,accessibility
52.4,74.16,accessibility
52.5,74.24,accessibility
52.6,74.32,accessibility
52.7,74.41,accessibility
52.8,74.49,accessibility
52.9,74.57,accessibility
53,74.66,accessibility
53.1,74.74,accessibility
53.2,74.82,accessibility
53.3,74.91,accessibility
53.4,74.99,accessibility
53.5,75.07,accessibility
53.6,75.16,accessibility
53.7,75.24,accessibility
53.8,75.32,accessibility
53.9,75.41,accessibility
54,75.49,accessibility
54.1,75.57,accessibility
54.2,75.66,accessibility
54.3,75.74,accessibility
54.4,75.82,accessibility
54.5,75.91,accessibility
54.6,75.99,accessibility
54.7,76.07,accessibility
54.8,76.16,accessibility
54.9,76.24,accessibility
55,76.32,accessibility
55.1,76.41,accessibility
55.2,76.49,accessibility
55.3,76.57,accessibility
55.4,76.66,accessibility
55.5,76.74,accessibility
55.6,76.82,accessibility
55.7,76.91,accessibility
55.8,76.99,accessibility
55.9,77.07,accessibility
56,77.16,accessibility
56.1,77.24,accessibility
56.2,77.32,accessibility
56.3,77.41,accessibility
56.4,77.5,accessibility
56.5,77.59,accessibility
56.6,77.68,accessibility
56.7,77.77,accessibility
56.8,77.86,accessibility
56.9,77.95,accessibility
57,78.04,accessibility
57.1,78.14,accessibility
57.2,78.23,accessibility
57.3,78.32,accessibility
57.4,78.41,accessibility
57.5,78.5,accessibility
57.6,78.59,accessibility
57.7,78.68,accessibility
57.8,78.77,accessibility
57.9,78.86,accessibility
58,78.95,accessibility
58.1,79.04,accessibility
58.2,79.14,accessibility
58.3,79.23,accessibility
58.4,79.32,accessibility
58.5,79.41,accessibility
58.6,79.5,accessibility
58.7,79.59,accessibility
58.8,79.68,accessibility
58.9,79.77,accessibility
59,79.86,accessibility
59.1,79.95,accessibility
59.2,80.04,accessibility
59.3,80.14,accessibility
59.4,80.23,accessibility
59.5,80.32,accessibility
59.6,80.41,accessibility
59.7,80.5,accessibility
59.8,80.59,accessibility
59.9,80.68,accessibility
60,80.77,accessibility
60.1,80.86,accessibility
60.2,80.95,accessibility
60.3,81.04,accessibility
60.4,81.14,accessibility
60.5,81.23,accessibility
60.6,81.32,accessibility
60.7,81.41,accessibility
60.8,81.5,accessibility
60.9,81.59,accessibility
61,81.68,accessibility
61.1,81.77,accessibility
61.2,81.86,accessibility
61.3,81.95,accessibility
61.4,82.04,accessibility
61.5,82.14,accessibility
61.6,82.23,accessibility
61.7,82.32,accessibility
61.8,82.41,accessibility
61.9,82.5,accessibility
62,82.59,accessibility
62.1,82.68,accessibility
62.2,82.77,accessibility
62.3,82.86,accessibility
62.4,82.95,accessibility
62.5,83.04,accessibility
62.6,83.14,accessibility
62.7,83.23,accessibility
62.8,83.33,accessibility
62.9,83.43,accessibility
63,83.53,accessibility
63.1,83.63,accessibility
63.2,83.73,accessibility
63.3,83.83,accessibility
63.4,83.93,accessibility
63.5,84.03,accessibility
63.6,84.13,accessibility
63.7,84.23,accessibility
63.8,84.33,accessibility
63.9,84.43,accessibility
64,84.53,accessibility
64.1,84.63,accessibility
64.2,84.73,accessibility
64.3,84.83,accessibility
64.4,84.93,accessibility
64.5,85.03,accessibility
64.6,85.13,accessibility
64.7,85.23,accessibility
64.8,85.33,accessibility
64.9,85.43,accessibility
65,85.53,accessibility
65.1,85.63,accessibility
65.2,85.73,accessibility
65.3,85.83,accessibility
65.4,85.93,accessibility
65.5,86.03,accessibility
65.6,86.13,accessibility
65.7,86.23,accessibility
65.8,86.33,accessibility
65.9,86.43,accessibility
66,86.53,accessibility
66.1,86.63,accessibility
66.2,86.73,accessibility
66.3,86.83,accessibility
66.4,86.93,accessibility
66.5,87.03,accessibility
66.6,87.13,accessibility
66.7,87.23,accessibility
66.8,87.33,accessibility
66.9,87.43,accessibility
67,87.53,accessibility
67.1,87.63,accessibility
67.2,87.73,accessibility
67.3,87.83,accessibility
67.4,87.94,accessibility
67.5,88.05,accessibility
67.6,88.16,accessibility
67.7,88.27,accessibility
67.8,88.38,accessibility
67.9,88.49,accessibility
68,88.6,accessibility
68.1,88.71,accessibility
68.2,88.83,accessibility
68.3,88.94,accessibility
68.4,89.05,accessibility
68.5,89.16,accessibility
68.6,89.27,accessibility
68.7,89.38,accessibility
68.8,89.49,accessibility
68.9,89.6,accessibility
69,89.71,accessibility
69.1,89.83,accessibility
69.2,89.94,accessibility
69.3,90.05,accessibility
69.4,90.16,accessibility
69.5,90.27,accessibility
69.6,90.38,accessibility
69.7,90.49,accessibility
69.8,90.6,accessibility
69.9,90.71,accessibility
70,90.83,accessibility
70.1,90.94,accessibility
70.2,91.05,accessibility
70.3,91.16,accessibility
70.4,91.27,accessibility
70.5,91.38,accessibility
70.6,91.49,accessibility
70.7,91.6,accessibility
70.8,91.71,accessibility
70.9,91.83,accessibility
71,91.94,accessibility
71.1,92.05,accessibility
71.2,92.16,accessibility
71.3,92.28,accessibility
71.4,92.41,accessibility
71.5,92.53,accessibility
71.6,92.66,accessibility
71.7,92.78,accessibility
71.8,92.91,accessibility
71.9,93.03,accessibility
72,93.16,accessibility
72.1,93.28,accessibility
72.2,93.41,accessibility
72.3,93.53,accessibility
72.4,93.66,accessibility
72.5,93.78,accessibility
72.6,93.91,accessibility
72.7,94.03,accessibility
72.8,94.16,accessibility
72.9,94.28,accessibility
73,94.41,accessibility
73.1,94.53,accessibility
73.2,94.66,accessibility
73.3,94.78,accessibility
73.4,94.91,accessibility
73.5,95.03,accessibility
73.6,95.16,accessibility
73.7,95.28,accessibility
73.8,95.41,accessibility
73.9,95.53,accessibility
74,95.66,accessibility
74.1,95.78,accessibility
74.2,95.91,accessibility
74.3,96.03,accessibility
74.4,96.16,accessibility
74.5,96.28,accessibility
74.6,96.41,accessibility
74.7,96.53,accessibility
74.8,96.68,accessibility
74.9,96.82,accessibility
75,96.96,accessibility
75.1,97.11,accessibility
75.2,97.25,accessibility
75.3,97.39,accessibility
75.4,97.53,accessibility
75.5,97.68,accessibility
75.6,97.82,accessibility
75.7,97.96,accessibility
75.8,98.11,accessibility
75.9,98.25,accessibility
76,98.39,accessibility
76.1,98.53,accessibility
76.2,98.68,accessibility
76.3,98.82,accessibility
76.4,98.96,accessibility
76.5,99.11,accessibility
76.6,99.25,accessibility
76.7,99.39,accessibility
76.8,99.53,accessibility
76.9,99.68,accessibility
77,99.82,accessibility
77.1,99.96,accessibility
77.2,100.11,accessibility
77.3,100.25,accessibility
77.4,100.39,accessibility
77.5,100.53,accessibility
77.6,100.68,accessibility
77.7,100.82,accessibility
77.8,100.96,accessibility
77.9,101.11,accessibility
78,101.25,accessibility
78.1,101.39,accessibility
78.2,101.56,accessibility
78.3,101.72,accessibility
78.4,101.89,accessibility
78.5,102.06,accessibility
78.6,102.22,accessibility
78.7,102.39,accessibility
78.8,102.56,accessibility
78.9,102.72,accessibility
79,102.89,accessibility
79.1,103.06,accessibility
79.2,103.22,accessibility
79.3,103.39,accessibility
79.4,103.56,accessibility
79.5,103.72,accessibility
79.6,103.89,accessibility
79.7,104.06,accessibility
79.8,104.22,accessibility
79.9,104.39,accessibility
80,104.56,accessibility
80.1,104.72,accessibility
80.2,104.89,accessibility
80.3,105.06,accessibility
80.4,105.22,accessibility
80.5,105.39,accessibility
80.6,105.56,accessibility
80.7,105.72,accessibility
80.8,105.89,accessibility
80.9,106.06,accessibility
81,106.22,accessibility
81.1,106.39,accessibility
81.2,106.56,accessibility
81.3,106.72,accessibility
81.4,106.89,accessibility
81.5,107.06,accessibility
81.6,107.26,accessibility
81.7,107.46,accessibility
81.8,107.66,accessibility
81.9,107.86,accessibility
82,108.06,accessibility
82.1,108.26,accessibility
82.2,108.46,accessibility
82.3,108.66,accessibility
82.4,108.86,accessibility
82.5,109.06,accessibility
82.6,109.26,accessibility
82.7,109.46,accessibility
82.8,109.66,accessibility
82.9,109.86,accessibility
83,110.06,accessibility
83.1,110.26,accessibility
83.2,110.46,accessibility
83.3,110.66,accessibility
83.4,110.86,accessibility
83.5,111.06,accessibility
83.6,111.26,accessibility
83.7,111.46,accessibility
83.8,111.66,accessibility
83.9,111.86,accessibility
84,112.06,accessibility
84.1,112.26,accessibility
84.2,112.46,accessibility
84.3,112.66,accessibility
84.4,112.86,accessibility
84.5,113.06,accessibility
84.6,113.26,accessibility
84.7,113.46,accessibility
84.8,113.66,accessibility
84.9,113.86,accessibility
85,114.11,accessibility
85.1,114.36,accessibility
85.2,114.61,accessibility
85.3,114.86,accessibility
85.4,115.11,accessibility
85.5,115.36,accessibility
85.6,115.61,accessibility
85.7,115.86,accessibility
85.8,116.11,accessibility
85.9,116.36,accessibility
86,116.61,accessibility
86.1,116.86,accessibility
86.2,117.11,accessibility
86.3,117.36,accessibility
86.4,117.61,accessibility
86.5,117.86,accessibility
86.6,118.11,accessibility
86.7,118.36,accessibility
86.8,118.61,accessibility
86.9,118.86,accessibility
87,119.11,accessibility
87.1,119.36,accessibility
87.2,119.61,accessibility
87.3,119.86,accessibility
87.4,120.11,accessibility
87.5,120.36,accessibility
87.6,120.61,accessibility
87.7,120.86,accessibility
87.8,121.11,accessibility
87.9,121.36,accessibility
88,121.61,accessibility
88.1,121.86,accessibility
88.2,122.11,accessibility
88.3,122.36,accessibility
88.4,122.69,accessibility
88.5,123.02,accessibility
88.6,123.36,accessibility
88.7,123.69,accessibility
88.8,124.02,accessibility
88.9,124.36,accessibility
89,124.69,accessibility
89.1,125.02,accessibility
89.2,125.36,accessibility
89.3,125.69,accessibility
89.4,126.02,accessibility
89.5,126.36,accessibility
89.6,126.69,accessibility
89.7,127.02,accessibility
89.8,127.36,accessibility
89.9,127.69,accessibility
90,128.02,accessibility
90.1,128.36,accessibility
90.2,128.69,accessibility
90.3,129.02,accessibility
90.4,129.36,accessibility
90.5,129.69,accessibility
90.6,130.02,accessibility
90.7,130.36,accessibility
90.8,130.69,accessibility
90.9,131.02,accessibility
91,131.36,accessibility
91.1,131.69,accessibility
91.2,132.02,accessibility
91.3,132.36,accessibility
91.4,132.69,accessibility
91.5,133.02,accessibility
91.6,133.36,accessibility
91.7,133.86,accessibility
91.8,134.36,accessibility
91.9,134.86,accessibility
92,135.36,accessibility
92.1,135.86,accessibility
92.2,136.36,accessibility
92.3,136.86,accessibility
92.4,137.36,accessibility
92.5,137.86,accessibility
92.6,138.36,accessibility
92.7,138.86,accessibility
92.8,139.36,accessibility
92.9,139.86,accessibility
93,140.36,accessibility
93.1,140.86,accessibility
93.2,141.36,accessibility
93.3,141.86,accessibility
93.4,142.36,accessibility
93.5,142.86,accessibility
93.6,143.36,accessibility
93.7,143.86,accessibility
93.8,144.36,accessibility
93.9,144.86,accessibility
94,145.36,accessibility
94.1,145.86,accessibility
94.2,146.36,accessibility
94.3,146.86,accessibility
94.4,147.36,accessibility
94.5,147.86,accessibility
94.6,148.36,accessibility
94.7,148.86,accessibility
94.8,149.36,accessibility
94.9,149.86,accessibility
95,150.36,accessibility
95.1,151.36,accessibility
95.2,152.36,accessibility
95.3,153.36,accessibility
95.4,154.36,accessibility
95.5,155.36,accessibility
95.6,156.36,accessibility
95.7,157.36,accessibility
95.8,158.36,accessibility
95.9,159.36,accessibility
96,160.36,accessibility
96.1,161.36,accessibility
96.2,162.36,accessibility
96.3,163.36,accessibility
96.4,164.36,accessibility
96.5,165.36,accessibility
96.6,166.36,accessibility
96.7,167.36,accessibility
96.8,168.36,accessibility
96.9,169.36,accessibility
97,170.36,accessibility
97.1,171.36,accessibility
97.2,172.36,accessibility
97.3,173.36,accessibility
97.4,174.36,accessibility
97.5,175.36,accessibility
97.6,176.36,accessibility
97.7,177.36,accessibility
97.8,178.36,accessibility
97.9,179.36,accessibility
98,180.36,accessibility
98.1,181.36,accessibility
98.2,182.36,accessibility
98.3,183.36,accessibility
15.5,0,availability
15.6,0.1,availability
15.7,0.2,availability
15.8,0.3,availability
15.9,0.4,availability
16,0.5,availability
16.1,0.6,availability
16.2,0.7,availability
16.3,0.8,availability
16.4,0.9,availability
16.5,1,availability
16.6,1.1,availability
16.7,1.2,availability
16.8,1.3,availability
16.9,1.41,availability
17,1.52,availability
17.1,1.63,availability
17.2,1.74,availability
17.3,1.86,availability
17.4,1.97,availability
17.5,2.08,availability
17.6,2.19,availability
17.7,2.3,availability
17.8,2.41,availability
17.9,2.52,availability
18,2.63,availability
18.1,2.74,availability
18.2,2.86,availability
18.3,2.97,availability
18.4,3.08,availability
18.5,3.19,availability
18.6,3.3,availability
18.7,3.42,availability
18.8,3.55,availability
18.9,3.67,availability
19,3.8,availability
19.1,3.92,availability
19.2,4.05,availability
19.3,4.18,availability
19.4,4.3,availability
19.5,4.42,availability
19.6,4.55,availability
19.7,4.68,availability
19.8,4.8,availability
19.9,4.92,availability
20,5.05,availability
20.1,5.18,availability
20.2,5.3,availability
20.3,5.42,availability
20.4,5.55,availability
20.5,5.68,availability
20.6,5.8,availability
20.7,5.92,availability
20.8,6.05,availability
20.9,6.19,availability
21,6.34,availability
21.1,6.48,availability
21.2,6.62,availability
21.3,6.76,availability
21.4,6.91,availability
21.5,7.05,availability
21.6,7.19,availability
21.7,7.34,availability
21.8,7.48,availability
21.9,7.62,availability
22,7.76,availability
22.1,7.91,availability
22.2,8.05,availability
22.3,8.19,availability
22.4,8.34,availability
22.5,8.48,availability
22.6,8.62,availability
22.7,8.76,availability
22.8,8.91,availability
22.9,9.05,availability
23,9.19,availability
23.1,9.34,availability
23.2,9.48,availability
23.3,9.62,availability
23.4,9.76,availability
23.5,9.91,availability
23.6,10.05,availability
23.7,10.22,availability
23.8,10.38,availability
23.9,10.55,availability
24,10.72,availability
24.1,10.88,availability
24.2,11.05,availability
24.3,11.22,availability
24.4,11.38,availability
24.5,11.55,availability
24.6,11.72,availability
24.7,11.88,availability
24.8,12.05,availability
24.9,12.22,availability
25,12.38,availability
25.1,12.55,availability
25.2,12.72,availability
25.3,12.88,availability
25.4,13.05,availability
25.5,13.22,availability
25.6,13.38,availability
25.7,13.55,availability
25.8,13.72,availability
25.9,13.88,availability
26,14.05,availability
26.1,14.22,availability
26.2,14.38,availability
26.3,14.55,availability
26.4,14.72,availability
26.5,14.88,availability
26.6,15.05,availability
26.7,15.22,availability
26.8,15.38,availability
26.9,15.55,availability
27,15.72,availability
27.1,15.88,availability
27.2,16.05,availability
27.3,16.22,availability
27.4,16.38,availability
27.5,16.55,availability
27.6,16.72,availability
27.7,16.88,availability
27.8,17.05,availability
27.9,17.22,availability
28,17.38,availability
28.1,17.55,availability
28.2,17.72,availability
28.3,17.88,availability
28.4,18.05,availability
28.5,18.22,availability
28.6,18.38,availability
28.7,18.55,availability
28.8,18.72,availability
28.9,18.88,availability
29,19.05,availability
29.1,19.22,availability
29.2,19.38,availability
29.3,19.55,availability
29.4,19.72,availability
29.5,19.88,availability
29.6,20.05,availability
29.7,20.22,availability
29.8,20.38,availability
29.9,20.55,availability
30,20.72,availability
30.1,20.88,availability
30.2,21.05,availability
30.3,21.22,availability
30.4,21.38,availability
30.5,21.55,availability
30.6,21.72,availability
30.7,21.88,availability
30.8,22.05,availability
30.9,22.22,availability
31,22.38,availability
31.1,22.55,availability
31.2,22.72,availability
31.3,22.88,availability
31.4,23.05,availability
31.5,23.22,availability
31.6,23.38,availability
31.7,23.55,availability
31.8,23.72,availability
31.9,23.88,availability
32,24.05,availability
32.1,24.22,availability
32.2,24.38,availability
32.3,24.55,availability
32.4,24.72,availability
32.5,24.88,availability
32.6,25.05,availability
32.7,25.22,availability
32.8,25.38,availability
32.9,25.55,availability
33,25.72,availability
33.1,25.88,availability
33.2,26.05,availability
33.3,26.22,availability
33.4,26.38,availability
33.5,26.55,availability
33.6,26.72,availability
33.7,26.88,availability
33.8,27.05,availability
33.9,27.22,availability
34,27.38,availability
34.1,27.55,availability
34.2,27.72,availability
34.3,27.88,availability
34.4,28.05,availability
34.5,28.22,availability
34.6,28.38,availability
34.7,28.55,availability
34.8,28.72,availability
34.9,28.88,availability
35,29.05,availability
35.1,29.22,availability
35.2,29.38,availability
35.3,29.55,availability
35.4,29.72,availability
35.5,29.88,availability
35.6,30.05,availability
35.7,30.22,availability
35.8,30.38,availability
35.9,30.55,availability
36,30.72,availability
36.1,30.88,availability
36.2,31.05,availability
36.3,31.22,availability
36.4,31.38,availability
36.5,31.55,availability
36.6,31.72,availability
36.7,31.88,availability
36.8,32.05,availability
36.9,32.22,availability
37,32.38,availability
37.1,32.55,availability
37.2,32.72,availability
37.3,32.88,availability
37.4,33.03,availability
37.5,33.17,availability
37.6,33.31,availability
37.7,33.45,availability
37.8,33.6,availability
37.9,33.74,availability
38,33.88,availability
38.1,34.03,availability
38.2,34.17,availability
38.3,34.31,availability
38.4,34.45,availability
38.5,34.6,availability
38.6,34.74,availability
38.7,34.88,availability
38.8,35.03,availability
38.9,35.17,availability
39,35.31,availability
39.1,35.45,availability
39.2,35.6,availability
39.3,35.74,availability
39.4,35.88,availability
39.5,36.03,availability
39.6,36.17,availability
39.7,36.31,availability
39.8,36.45,availability
39.9,36.6,availability
40,36.74,availability
40.1,36.88,availability
40.2,37.03,availability
40.3,37.17,availability
40.4,37.31,availability
40.5,37.45,availability
40.6,37.6,availability
40.7,37.74,availability
40.8,37.88,availability
40.9,38.03,availability
41,38.17,availability
41.1,38.31,availability
41.2,38.44,availability
41.3,38.56,availability
41.4,38.69,availability
41.5,38.81,availability
41.6,38.94,availability
41.7,39.06,availability
41.8,39.19,availability
41.9,39.31,availability
42,39.44,availability
42.1,39.56,availability
42.2,39.69,availability
42.3,39.81,availability
42.4,39.94,availability
42.5,40.06,availability
42.6,40.19,availability
42.7,40.31,availability
42.8,40.44,availability
42.9,40.56,availability
43,40.69,availability
43.1,40.81,availability
43.2,40.94,availability
43.3,41.06,availability
43.4,41.19,availability
43.5,41.31,availability
43.6,41.44,availability
43.7,41.56,availability
43.8,41.69,availability
43.9,41.81,availability
44,41.94,availability
44.1,42.06,availability
44.2,42.19,availability
44.3,42.31,availability
44.4,42.44,availability
44.5,42.56,availability
44.6,42.69,availability
44.7,42.81,availability
44.8,42.94,availability
44.9,43.06,availability
45,43.19,availability
45.1,43.31,availability
45.2,43.44,availability
45.3,43.56,availability
45.4,43.69,availability
45.5,43.81,availability
45.6,43.94,availability
45.7,44.06,availability
45.8,44.19,availability
45.9,44.31,availability
46,44.42,availability
46.1,44.53,availability
46.2,44.65,availability
46.3,44.76,availability
46.4,44.87,availability
46.5,44.98,availability
46.6,45.09,availability
46.7,45.2,availability
46.8,45.31,availability
46.9,45.42,availability
47,45.53,availability
47.1,45.65,availability
47.2,45.76,availability
47.3,45.87,availability
47.4,45.98,availability
47.5,46.09,availability
47.6,46.2,availability
47.7,46.31,availability
47.8,46.42,availability
47.9,46.53,availability
48,46.65,availability
48.1,46.76,availability
48.2,46.87,availability
48.3,46.98,availability
48.4,47.09,availability
48.5,47.2,availability
48.6,47.31,availability
48.7,47.42,availability
48.8,47.53,availability
48.9,47.65,availability
49,47.76,availability
49.1,47.87,availability
49.2,47.98,availability
49.3,48.09,availability
49.4,48.2,availability
49.5,48.31,availability
49.6,48.42,availability
49.7,48.53,availability
49.8,48.65,availability
49.9,48.76,availability
50,48.87,availability
50.1,48.98,availability
50.2,49.09,availability
50.3,49.2,availability
50.4,49.31,availability
50.5,49.42,availability
50.6,49.53,availability
50.7,49.65,availability
50.8,49.76,availability
50.9,49.87,availability
51,49.98,availability
51.1,50.09,availability
51.2,50.2,availability
51.3,50.31,availability
51.4,50.42,availability
51.5,50.53,availability
51.6,50.65,availability
51.7,50.76,availability
51.8,50.87,availability
51.9,50.98,availability
52,51.09,availability
52.1,51.2,availability
52.2,51.31,availability
52.3,51.42,availability
52.4,51.53,availability
52.5,51.65,availability
52.6,51.76,availability
52.7,51.87,availability
52.8,51.98,availability
52.9,52.09,availability
53,52.2,availability
53.1,52.31,availability
53.2,52.42,availability
53.3,52.53,availability
53.4,52.65,availability
53.5,52.76,availability
53.6,52.87,availability
53.7,52.98,availability
53.8,53.09,availability
53.9,53.2,availability
54,53.31,availability
54.1,53.42,availability
54.2,53.53,availability
54.3,53.65,availability
54.4,53.76,availability
54.5,53.87,availability
54.6,53.98,availability
54.7,54.09,availability
54.8,54.21,availability
54.9,54.34,availability
55,54.46,availability
55.1,54.59,availability
55.2,54.71,availability
55.3,54.84,availability
55.4,54.96,availability
55.5,55.09,availability
55.6,55.21,availability
55.7,55.34,availability
55.8,55.46,availability
55.9,55.59,availability
56,55.71,availability
56.1,55.84,availability
56.2,55.96,availability
56.3,56.09,availability
56.4,56.21,availability
56.5,56.34,availability
56.6,56.46,availability
56.7,56.59,availability
56.8,56.71,availability
56.9,56.84,availability
57,56.96,availability
57.1,57.09,availability
57.2,57.21,availability
57.3,57.34,availability
57.4,57.46,availability
57.5,57.59,availability
57.6,57.71,availability
57.7,57.84,availability
57.8,57.96,availability
57.9,58.09,availability
58,58.21,availability
58.1,58.34,availability
58.2,58.46,availability
58.3,58.59,availability
58.4,58.71,availability
58.5,58.84,availability
58.6,58.96,availability
58.7,59.09,availability
58.8,59.21,availability
58.9,59.34,availability
59,59.46,availability
59.1,59.59,availability
59.2,59.71,availability
59.3,59.84,availability
59.4,59.96,availability
59.5,60.09,availability
59.6,60.23,availability
59.7,60.38,availability
59.8,60.52,availability
59.9,60.66,availability
60,60.8,availability
60.1,60.95,availability
60.2,61.09,availability
60.3,61.23,availability
60.4,61.38,availability
60.5,61.52,availability
60.6,61.66,availability
60.7,61.8,availability
60.8,61.95,availability
60.9,62.09,availability
61,62.23,availability
61.1,62.38,availability
61.2,62.52,availability
61.3,62.66,availability
61.4,62.8,availability
61.5,62.95,availability
61.6,63.09,availability
61.7,63.23,availability
61.8,63.38,availability
61.9,63.52,availability
62,63.66,availability
62.1,63.8,availability
62.2,63.95,availability
62.3,64.09,availability
62.4,64.23,availability
62.5,64.38,availability
62.6,64.52,availability
62.7,64.68,availability
62.8,64.85,availability
62.9,65.02,availability
63,65.18,availability
63.1,65.35,availability
63.2,65.52,availability
63.3,65.68,availability
63.4,65.85,availability
63.5,66.02,availability
63.6,66.18,availability
63.7,66.35,availability
63.8,66.52,availability
63.9,66.68,availability
64,66.85,availability
64.1,67.02,availability
64.2,67.18,availability
64.3,67.35,availability
64.4,67.52,availability
64.5,67.68,availability
64.6,67.85,availability
64.7,68.02,availability
64.8,68.18,availability
64.9,68.35,availability
65,68.52,availability
65.1,68.68,availability
65.2,68.88,availability
65.3,69.08,availability
65.4,69.28,availability
65.5,69.48,availability
65.6,69.68,availability
65.7,69.88,availability
65.8,70.08,availability
65.9,70.28,availability
66,70.48,availability
66.1,70.68,availability
66.2,70.88,availability
66.3,71.08,availability
66.4,71.28,availability
66.5,71.48,availability
66.6,71.68,availability
66.7,71.88,availability
66.8,72.08,availability
66.9,72.28,availability
67,72.48,availability
67.1,72.68,availability
67.2,72.88,availability
67.3,73.08,availability
67.4,73.28,availability
67.5,73.48,availability
67.6,73.68,availability
67.7,73.93,availability
67.8,74.18,availability
67.9,74.43,availability
68,74.68,availability
68.1,74.93,availability
68.2,75.18,availability
68.3,75.43,availability
68.4,75.68,availability
68.5,75.93,availability
68.6,76.18,availability
68.7,76.43,availability
68.8,76.68,availability
68.9,76.93,availability
69,77.18,availability
69.1,77.43,availability
69.2,77.68,availability
69.3,77.93,availability
69.4,78.18,availability
69.5,78.43,availability
69.6,78.68,availability
69.7,78.93,availability
69.8,79.18,availability
69.9,79.43,availability
70,79.68,availability
70.1,79.93,availability
70.2,80.18,availability
70.3,80.52,availability
70.4,80.85,availability
70.5,81.18,availability
70.6,81.52,availability
70.7,81.85,availability
70.8,82.18,availability
70.9,82.52,availability
71,82.85,availability
71.1,83.18,availability
71.2,83.52,availability
71.3,83.85,availability
71.4,84.18,availability
71.5,84.52,availability
71.6,84.85,availability
71.7,85.18,availability
71.8,85.52,availability
71.9,85.85,availability
72,86.18,availability
72.1,86.52,availability
72.2,86.85,availability
72.3,87.18,availability
72.4,87.52,availability
72.5,87.85,availability
72.6,88.18,availability
72.7,88.52,availability
72.8,88.85,availability
72.9,89.18,availability
73,89.52,availability
73.1,89.85,availability
73.2,90.18,availability
73.3,90.52,availability
73.4,90.85,availability
73.5,91.18,availability
73.6,91.52,availability
73.7,91.85,availability
73.8,92.18,availability
73.9,92.52,availability
74,92.85,availability
74.1,93.35,availability
74.2,93.85,availability
74.3,94.35,availability
74.4,94.85,availability
74.5,95.35,availability
74.6,95.85,availability
74.7,96.35,availability
74.8,96.85,availability
74.9,97.35,availability
75,97.85,availability
75.1,98.35,availability
75.2,98.85,availability
75.3,99.35,availability
75.4,99.85,availability
75.5,100.35,availability
75.6,100.85,availability
75.7,101.35,availability
75.8,101.85,availability
75.9,102.35,availability
76,102.85,availability
76.1,103.35,availability
76.2,103.85,availability
76.3,104.35,availability
76.4,104.85,availability
76.5,105.35,availability
76.6,105.85,availability
76.7,106.35,availability
76.8,106.85,availability
76.9,107.35,availability
77,107.85,availability
77.1,108.35,availability
77.2,108.85,availability
77.3,109.35,availability
77.4,109.85,availability
77.5,110.35,availability
77.6,110.85,availability
77.7,111.35,availability
77.8,111.85,availability
77.9,112.35,availability
78,112.85,availability
78.1,113.35,availability
78.2,113.85,availability
78.3,114.35,availability
78.4,114.85,availability
78.5,115.35,availability
78.6,115.85,availability
78.7,116.35,availability
78.8,116.85,availability
78.9,117.35,availability
79,117.85,availability
79.1,118.35,availability
79.2,118.85,availability
79.3,119.35,availability
79.4,119.85,availability
79.5,120.35,availability
79.6,120.85,availability
79.7,121.35,availability
79.8,121.85,availability
79.9,122.35,availability
80,122.85,availability
80.1,123.35,availability
80.2,123.85,availability
80.3,124.35,availability
80.4,124.85,availability
80.5,125.35,availability
80.6,125.85,availability
80.7,126.35,availability
80.8,126.85,availability
80.9,127.35,availability
81,127.85,availability
81.1,128.35,availability
81.2,128.85,availability
81.3,129.35,availability
81.4,129.85,availability
81.5,130.35,availability
81.6,130.85,availability
81.7,131.35,availability
81.8,131.85,availability
81.9,132.35,availability
82,132.85,availability
82.1,133.35,availability
82.2,133.85,availability
82.3,134.35,availability
82.4,134.85,availability
82.5,135.35,availability
82.6,135.85,availability
82.7,136.35,availability
82.8,136.85,availability
82.9,137.35,availability
83,137.85,availability
83.1,138.35,availability
83.2,138.85,availability
83.3,139.35,availability
83.4,139.85,availability
83.5,140.35,availability
83.6,140.85,availability
83.7,141.35,availability
83.8,141.85,availability
83.9,142.35,availability
84,142.85,availability
84.1,143.35,availability
84.2,143.85,availability
84.3,144.35,availability
84.4,144.85,availability
84.5,145.35,availability
84.6,145.85,availability
84.7,146.35,availability
84.8,146.85,availability
84.9,147.35,availability
85,147.85,availability
85.1,148.35,availability
85.2,148.85,availability
85.3,149.35,availability
85.4,149.85,availability
85.5,150.35,availability
85.6,150.85,availability
85.7,151.35,availability
85.8,151.85,availability
85.9,152.35,availability
86,152.85,availability
86.1,153.35,availability
86.2,153.85,availability
86.3,154.35,availability
86.4,154.85,availability
86.5,155.35,availability
86.6,155.85,availability
86.7,156.35,availability
86.8,156.85,availability
86.9,157.35,availability
87,157.85,availability
87.1,158.35,availability
87.2,158.85,availability
87.3,159.35,availability
87.4,159.85,availability
87.5,160.35,availability
87.6,160.85,availability
87.7,161.35,availability
87.8,161.85,availability
87.9,162.35,availability
88,162.85,availability
88.1,163.35,availability
88.2,164.35,availability
88.3,165.35,availability
88.4,166.35,availability
88.5,167.35,availability
88.6,168.35,availability
88.7,169.35,availability
88.8,170.35,availability
88.9,171.35,availability
89,172.35,availability
89.1,173.35,availability
89.2,174.35,availability
89.3,175.35,availability
89.4,176.35,availability
89.5,177.35,availability
89.6,178.35,availability
89.7,179.35,availability
89.8,180.35,availability
89.9,181.35,availability
90,182.35,availability
90.1,183.35,availability
90.2,184.35,availability
90.3,185.35,availability
90.4,186.35,availability
90.5,187.35,availability
90.6,188.35,availability
90.7,189.35,availability
90.8,190.35,availability
90.9,191.35,availability
91,192.35,availability
91.1,193.35,availability
91.2,194.35,availability
91.3,195.35,availability
91.4,196.35,availability
91.5,197.35,availability
91.6,198.35,availability
91.7,199.35,availability
91.8,200.35,availability
91.9,201.35,availability
92,202.35,availability
92.1,203.35,availability
92.2,204.35,availability
92.3,205.35,availability
92.4,206.35,availability
92.5,207.35,availability
92.6,208.35,availability
92.7,209.35,availability
92.8,210.35,availability
92.9,211.35,availability
93,212.35,availability
93.1,213.35,availability
93.2,214.35,availability
93.3,215.35,availability
93.4,216.35,availability
93.5,217.35,availability
93.6,218.35,availability
93.7,219.35,availability
93.8,220.35,availability
93.9,221.35,availability
94,222.35,availability
94.1,223.35,availability
94.2,224.35,availability
94.3,225.35,availability
94.4,226.35,availability
94.5,227.35,availability
94.6,228.35,availability
94.7,229.35,availability
94.8,230.35,availability
94.9,231.35,availability
95,232.35,availability
95.1,233.35,availability
95.2,234.35,availability
95.3,235.35,availability
95.4,236.35,availability
95.5,237.35,availability
95.6,238.35,availability
95.7,239.35,availability
95.8,240.35,availability
95.9,241.35,availability
96,242.35,availability
96.1,243.35,availability
96.2,244.35,availability
96.3,245.35,availability
96.4,246.35,availability
96.5,247.35,availability
96.6,248.35,availability
96.7,249.35,availability
6.8,0,quality
6.9,0.5,quality
7,1,quality
7.1,1.5,quality
7.2,2,quality
7.3,2.5,quality
7.4,3,quality
7.5,3.5,quality
7.6,4,quality
7.7,4.5,quality
7.8,5,quality
7.9,5.5,quality
8,6,quality
8.1,6.5,quality
8.2,7,quality
8.3,7.5,quality
8.4,8,quality
8.5,8.5,quality
8.6,9,quality
8.7,9.5,quality
8.8,10,quality
8.9,10.5,quality
9,11,quality
9.1,11.5,quality
9.2,12,quality
9.3,12.5,quality
9.4,13,quality
9.5,13.5,quality
9.6,14,quality
9.7,14.5,quality
9.8,15,quality
9.9,15.5,quality
10,16,quality
10.1,16.5,quality
10.2,17,quality
10.3,17.5,quality
10.4,18,quality
10.5,18.5,quality
10.6,19,quality
10.7,19.5,quality
10.8,20,quality
10.9,20.5,quality
11,21,quality
11.1,21.5,quality
11.2,22,quality
11.3,22.5,quality
11.4,23,quality
11.5,23.5,quality
11.6,24,quality
11.7,24.5,quality
11.8,25,quality
11.9,25.5,quality
12,26,quality
12.1,26.5,quality
12.2,27,quality
12.3,27.5,quality
12.4,28,quality
12.5,28.5,quality
12.6,29,quality
12.7,29.5,quality
12.8,30,quality
12.9,30.5,quality
13,31,quality
13.1,31.5,quality
13.2,32,quality
13.3,32.5,quality
13.4,33,quality
13.5,33.5,quality
13.6,34,quality
13.7,34.5,quality
13.8,35,quality
13.9,35.5,quality
14,36,quality
14.1,36.5,quality
14.2,37,quality
14.3,37.5,quality
14.4,38,quality
14.5,38.5,quality
14.6,39,quality
14.7,39.5,quality
14.8,40,quality
14.9,40.5,quality
15,41,quality
15.1,41.5,quality
15.2,41.83,quality
15.3,42.17,quality
15.4,42.5,quality
15.5,42.83,quality
15.6,43.17,quality
15.7,43.5,quality
15.8,43.83,quality
15.9,44.17,quality
16,44.5,quality
16.1,44.83,quality
16.2,45.17,quality
16.3,45.5,quality
16.4,45.83,quality
16.5,46.17,quality
16.6,46.5,quality
16.7,46.83,quality
16.8,47.17,quality
16.9,47.5,quality
17,47.83,quality
17.1,48.17,quality
17.2,48.5,quality
17.3,48.83,quality
17.4,49.17,quality
17.5,49.5,quality
17.6,49.83,quality
17.7,50.17,quality
17.8,50.5,quality
17.9,50.83,quality
18,51.17,quality
18.1,51.5,quality
18.2,51.83,quality
18.3,52.17,quality
18.4,52.5,quality
18.5,52.83,quality
18.6,53.17,quality
18.7,53.5,quality
18.8,53.83,quality
18.9,54.17,quality
19,54.5,quality
19.1,54.83,quality
19.2,55.17,quality
19.3,55.5,quality
19.4,55.83,quality
19.5,56.17,quality
19.6,56.5,quality
19.7,56.83,quality
19.8,57.17,quality
19.9,57.5,quality
20,57.83,quality
20.1,58.17,quality
20.2,58.5,quality
20.3,58.83,quality
20.4,59.17,quality
20.5,59.5,quality
20.6,59.83,quality
20.7,60.17,quality
20.8,60.5,quality
20.9,60.83,quality
21,61.17,quality
21.1,61.5,quality
21.2,61.83,quality
21.3,62.17,quality
21.4,62.5,quality
21.5,62.83,quality
21.6,63.17,quality
21.7,63.5,quality
21.8,63.83,quality
21.9,64.17,quality
22,64.5,quality
22.1,64.83,quality
22.2,65.17,quality
22.3,65.5,quality
22.4,65.83,quality
22.5,66.17,quality
22.6,66.5,quality
22.7,66.83,quality
22.8,67.17,quality
22.9,67.5,quality
23,67.83,quality
23.1,68.17,quality
23.2,68.5,quality
23.3,68.83,quality
23.4,69.17,quality
23.5,69.5,quality
23.6,69.83,quality
23.7,70.17,quality
23.8,70.5,quality
23.9,70.83,quality
24,71.17,quality
24.1,71.5,quality
24.2,71.83,quality
24.3,72.17,quality
24.4,72.5,quality
24.5,72.83,quality
24.6,73.17,quality
24.7,73.5,quality
24.8,73.83,quality
24.9,74.17,quality
25,74.5,quality
25.1,74.83,quality
25.2,75.17,quality
25.3,75.5,quality
25.4,75.83,quality
25.5,76.17,quality
25.6,76.5,quality
25.7,76.83,quality
25.8,77.17,quality
25.9,77.5,quality
26,77.83,quality
26.1,78.17,quality
26.2,78.5,quality
26.3,78.83,quality
26.4,79.17,quality
26.5,79.5,quality
26.6,79.83,quality
26.7,80.17,quality
26.8,80.5,quality
26.9,80.83,quality
27,81.17,quality
27.1,81.5,quality
27.2,81.83,quality
27.3,82.17,quality
27.4,82.5,quality
27.5,82.83,quality
27.6,83.17,quality
27.7,83.5,quality
27.8,83.83,quality
27.9,84.17,quality
28,84.5,quality
28.1,84.83,quality
28.2,85.17,quality
28.3,85.5,quality
28.4,85.83,quality
28.5,86.17,quality
28.6,86.5,quality
28.7,86.83,quality
28.8,87.17,quality
28.9,87.5,quality
29,87.83,quality
29.1,88.17,quality
29.2,88.5,quality
29.3,88.83,quality
29.4,89.17,quality
29.5,89.5,quality
29.6,89.83,quality
29.7,90.17,quality
29.8,90.5,quality
29.9,90.83,quality
30,91.17,quality
30.1,91.5,quality
30.2,91.83,quality
30.3,92.17,quality
30.4,92.5,quality
30.5,92.83,quality
30.6,93.17,quality
30.7,93.5,quality
30.8,93.83,quality
30.9,94.17,quality
31,94.5,quality
31.1,94.83,quality
31.2,95.17,quality
31.3,95.5,quality
31.4,95.83,quality
31.5,96.17,quality
31.6,96.5,quality
31.7,96.83,quality
31.8,97.17,quality
31.9,97.5,quality
32,97.83,quality
32.1,98.17,quality
32.2,98.5,quality
32.3,98.83,quality
32.4,99.17,quality
32.5,99.5,quality
32.6,99.83,quality
32.7,100.17,quality
32.8,100.5,quality
32.9,100.83,quality
33,101.17,quality
33.1,101.5,quality
33.2,101.83,quality
33.3,102.17,quality
33.4,102.5,quality
33.5,102.83,quality
33.6,103.17,quality
33.7,103.5,quality
33.8,103.83,quality
33.9,104.17,quality
34,104.5,quality
34.1,104.83,quality
34.2,105.17,quality
34.3,105.5,quality
34.4,105.83,quality
34.5,106.17,quality
34.6,106.5,quality
34.7,106.83,quality
34.8,107.17,quality
34.9,107.5,quality
35,107.83,quality
35.1,108.17,quality
35.2,108.5,quality
35.3,108.83,quality
35.4,109.17,quality
35.5,109.5,quality
35.6,109.83,quality
35.7,110.17,quality
35.8,110.5,quality
35.9,110.75,quality
36,111,quality
36.1,111.25,quality
36.2,111.5,quality
36.3,111.75,quality
36.4,112,quality
36.5,112.25,quality
36.6,112.5,quality
36.7,112.75,quality
36.8,113,quality
36.9,113.25,quality
37,113.5,quality
37.1,113.75,quality
37.2,114,quality
37.3,114.25,quality
37.4,114.5,quality
37.5,114.75,quality
37.6,115,quality
37.7,115.25,quality
37.8,115.5,quality
37.9,115.75,quality
38,116,quality
38.1,116.25,quality
38.2,116.5,quality
38.3,116.75,quality
38.4,117,quality
38.5,117.25,quality
38.6,117.5,quality
38.7,117.75,quality
38.8,118,quality
38.9,118.25,quality
39,118.5,quality
39.1,118.75,quality
39.2,119,quality
39.3,119.25,quality
39.4,119.5,quality
39.5,119.75,quality
39.6,120,quality
39.7,120.25,quality
39.8,120.5,quality
39.9,120.75,quality
40,121,quality
40.1,121.25,quality
40.2,121.5,quality
40.3,121.75,quality
40.4,122,quality
40.5,122.25,quality
40.6,122.5,quality
40.7,122.75,quality
40.8,123,quality
40.9,123.25,quality
41,123.5,quality
41.1,123.75,quality
41.2,124,quality
41.3,124.25,quality
41.4,124.5,quality
41.5,124.75,quality
41.6,125,quality
41.7,125.25,quality
41.8,125.5,quality
41.9,125.75,quality
42,126,quality
42.1,126.25,quality
42.2,126.5,quality
42.3,126.75,quality
42.4,127,quality
42.5,127.25,quality
42.6,127.5,quality
42.7,127.75,quality
42.8,128,quality
42.9,128.25,quality
43,128.5,quality
43.1,128.75,quality
43.2,129,quality
43.3,129.25,quality
43.4,129.5,quality
43.5,129.75,quality
43.6,130,quality
43.7,130.25,quality
43.8,130.5,quality
43.9,130.75,quality
44,131,quality
44.1,131.25,quality
44.2,131.5,quality
44.3,131.75,quality
44.4,132,quality
44.5,132.25,quality
44.6,132.5,quality
44.7,132.75,quality
44.8,133,quality
44.9,133.25,quality
45,133.5,quality
45.1,133.75,quality
45.2,134,quality
45.3,134.25,quality
45.4,134.5,quality
45.5,134.75,quality
45.6,135,quality
45.7,135.25,quality
45.8,135.5,quality
45.9,135.75,quality
46,136,quality
46.1,136.25,quality
46.2,136.5,quality
46.3,136.75,quality
46.4,137,quality
46.5,137.25,quality
46.6,137.5,quality
46.7,137.75,quality
46.8,138,quality
46.9,138.25,quality
47,138.5,quality
47.1,138.75,quality
47.2,139,quality
47.3,139.25,quality
47.4,139.5,quality
47.5,139.75,quality
47.6,140,quality
47.7,140.25,quality
47.8,140.5,quality
47.9,140.75,quality
48,141,quality
48.1,141.25,quality
48.2,141.5,quality
48.3,141.75,quality
48.4,142,quality
48.5,142.25,quality
48.6,142.5,quality
48.7,142.75,quality
48.8,143,quality
48.9,143.25,quality
49,143.5,quality
49.1,143.75,quality
49.2,144,quality
49.3,144.25,quality
49.4,144.5,quality
49.5,144.75,quality
49.6,145,quality
49.7,145.25,quality
49.8,145.5,quality
49.9,145.75,quality
50,146,quality
50.1,146.25,quality
50.2,146.5,quality
50.3,146.75,quality
50.4,147,quality
50.5,147.25,quality
50.6,147.5,quality
50.7,147.75,quality
50.8,148,quality
50.9,148.25,quality
51,148.5,quality
51.1,148.75,quality
51.2,149,quality
51.3,149.25,quality
51.4,149.5,quality
51.5,149.75,quality
51.6,150,quality
51.7,150.25,quality
51.8,150.5,quality
51.9,150.75,quality
52,151,quality
52.1,151.25,quality
52.2,151.5,quality
52.3,151.75,quality
52.4,152,quality
52.5,152.25,quality
52.6,152.5,quality
52.7,152.75,quality
52.8,153,quality
52.9,153.25,quality
53,153.5,quality
53.1,153.75,quality
53.2,154,quality
53.3,154.25,quality
53.4,154.5,quality
53.5,154.75,quality
53.6,155,quality
53.7,155.25,quality
53.8,155.5,quality
53.9,155.75,quality
54,156,quality
54.1,156.25,quality
54.2,156.5,quality
54.3,156.75,quality
54.4,157,quality
54.5,157.25,quality
54.6,157.5,quality
54.7,157.75,quality
54.8,158,quality
54.9,158.25,quality
55,158.5,quality
55.1,158.75,quality
55.2,159,quality
55.3,159.25,quality
55.4,159.5,quality
55.5,159.75,quality
55.6,160,quality
55.7,160.25,quality
55.8,160.5,quality
55.9,160.75,quality
56,161,quality
56.1,161.25,quality
56.2,161.5,quality
56.3,161.75,quality
56.4,162,quality
56.5,162.25,quality
56.6,162.5,quality
56.7,162.75,quality
56.8,163,quality
56.9,163.25,quality
57,163.5,quality
57.1,163.75,quality
57.2,164,quality
57.3,164.25,quality
57.4,164.5,quality
57.5,164.75,quality
57.6,165,quality
57.7,165.25,quality
57.8,165.5,quality
57.9,165.75,quality
58,166,quality
58.1,166.25,quality
58.2,166.5,quality
58.3,166.75,quality
58.4,167,quality
58.5,167.25,quality
58.6,167.58,quality
58.7,167.92,quality
58.8,168.25,quality
58.9,168.58,quality
59,168.92,quality
59.1,169.25,quality
59.2,169.58,quality
59.3,169.92,quality
59.4,170.25,quality
59.5,170.58,quality
59.6,170.92,quality
59.7,171.25,quality
59.8,171.58,quality
59.9,171.92,quality
60,172.25,quality
60.1,172.58,quality
60.2,172.92,quality
60.3,173.25,quality
60.4,173.58,quality
60.5,173.92,quality
60.6,174.25,quality
60.7,174.58,quality
60.8,174.92,quality
60.9,175.25,quality
61,175.58,quality
61.1,175.92,quality
61.2,176.25,quality
61.3,176.58,quality
61.4,176.92,quality
61.5,177.25,quality
61.6,177.58,quality
61.7,177.92,quality
61.8,178.25,quality
61.9,178.58,quality
62,178.92,quality
62.1,179.25,quality
62.2,179.58,quality
62.3,179.92,quality
62.4,180.25,quality
62.5,180.58,quality
62.6,180.92,quality
62.7,181.25,quality
62.8,181.58,quality
62.9,181.92,quality
63,182.25,quality
63.1,182.58,quality
63.2,182.92,quality
63.3,183.25,quality
63.4,183.58,quality
63.5,183.92,quality
63.6,184.25,quality
63.7,184.58,quality
63.8,184.92,quality
63.9,185.25,quality
64,185.58,quality
64.1,185.92,quality
64.2,186.25,quality
64.3,186.58,quality
64.4,186.92,quality
64.5,187.25,quality
64.6,187.58,quality
64.7,187.92,quality
64.8,188.25,quality
64.9,188.58,quality
65,188.92,quality
65.1,189.25,quality
65.2,189.58,quality
65.3,189.92,quality
65.4,190.25,quality
65.5,190.58,quality
65.6,190.92,quality
65.7,191.25,quality
65.8,191.58,quality
65.9,191.92,quality
66,192.25,quality
66.1,192.58,quality
66.2,192.92,quality
66.3,193.25,quality
66.4,193.58,quality
66.5,193.92,quality
66.6,194.25,quality
66.7,194.58,quality
66.8,194.92,quality
66.9,195.25,quality
67,195.58,quality
67.1,195.92,quality
67.2,196.25,quality
67.3,196.58,quality
67.4,196.92,quality
67.5,197.25,quality
67.6,197.58,quality
67.7,197.92,quality
67.8,198.25,quality
67.9,198.58,quality
68,198.92,quality
68.1,199.25,quality
68.2,199.58,quality
68.3,199.92,quality
68.4,200.25,quality
68.5,200.58,quality
68.6,200.92,quality
68.7,201.25,quality
68.8,201.58,quality
68.9,201.92,quality
69,202.25,quality
69.1,202.58,quality
69.2,202.92,quality
69.3,203.25,quality
69.4,203.58,quality
69.5,203.92,quality
69.6,204.25,quality
69.7,204.58,quality
69.8,204.92,quality
69.9,205.25,quality
70,205.58,quality
70.1,205.92,quality
70.2,206.25,quality
70.3,206.58,quality
70.4,206.92,quality
70.5,207.25,quality
70.6,207.58,quality
70.7,207.92,quality
70.8,208.25,quality
70.9,208.58,quality
71,208.92,quality
71.1,209.25,quality
71.2,209.58,quality
71.3,209.92,quality
71.4,210.25,quality
71.5,210.58,quality
71.6,210.92,quality
71.7,211.25,quality
71.8,211.58,quality
71.9,211.92,quality
72,212.25,quality
72.1,212.58,quality
72.2,212.92,quality
72.3,213.25,quality
72.4,213.58,quality
72.5,213.92,quality
72.6,214.25,quality
72.7,214.58,quality
72.8,214.92,quality
72.9,215.25,quality
73,215.58,quality
73.1,215.92,quality
73.2,216.25,quality
73.3,216.58,quality
73.4,216.92,quality
73.5,217.25,quality
73.6,217.58,quality
73.7,217.92,quality
73.8,218.25,quality
73.9,218.58,quality
74,218.92,quality
74.1,219.25,quality
74.2,219.58,quality
74.3,219.92,quality
74.4,220.25,quality
74.5,220.58,quality
74.6,220.92,quality
74.7,221.25,quality
74.8,221.58,quality
74.9,221.92,quality
75,222.25,quality
75.1,222.58,quality
75.2,222.92,quality
75.3,223.25,quality
75.4,223.58,quality
75.5,223.92,quality
75.6,224.25,quality
75.7,224.58,quality
75.8,224.92,quality
75.9,225.25,quality
76,225.58,quality
76.1,225.92,quality
76.2,226.25,quality
76.3,226.58,quality
76.4,226.92,quality
76.5,227.25,quality
76.6,227.58,quality
76.7,227.92,quality
76.8,228.25,quality
76.9,228.58,quality
77,228.92,quality
77.1,229.25,quality
77.2,229.58,quality
77.3,229.92,quality
77.4,230.25,quality
77.5,230.58,quality
77.6,230.92,quality
77.7,231.25,quality
77.8,231.58,quality
77.9,231.92,quality
78,232.25,quality
78.1,232.58,quality
78.2,232.92,quality
78.3,233.25,quality
78.4,233.58,quality
78.5,233.92,quality
78.6,234.25,quality
78.7,234.58,quality
78.8,234.92,quality
78.9,235.25,quality
79,235.75,quality
79.1,236.25,quality
79.2,236.75,quality
79.3,237.25,quality
79.4,237.75,quality
79.5,238.25,quality
79.6,238.75,quality
79.7,239.25,quality
79.8,239.75,quality
79.9,240.25,quality
80,240.75,quality
80.1,241.25,quality
80.2,241.75,quality
80.3,242.25,quality
80.4,242.75,quality
80.5,243.25,quality
80.6,243.75,quality
80.7,244.25,quality
80.8,244.75,quality
80.9,245.25,quality
81,245.75,quality
81.1,246.25,quality
81.2,246.75,quality
81.3,247.25,quality
81.4,247.75,quality
81.5,248.25,quality
81.6,248.75,quality
81.7,249.25,quality
81.8,249.75,quality
81.9,250.25,quality
82,250.75,quality
82.1,251.25,quality
82.2,251.75,quality
82.3,252.25,quality
82.4,252.75,quality
82.5,253.25,quality
82.6,253.75,quality
82.7,254.25,quality
82.8,254.75,quality
82.9,255.25,quality
83,255.75,quality
83.1,256.25,quality
83.2,256.75,quality
83.3,257.25,quality
83.4,257.75,quality
83.5,258.25,quality
83.6,258.75,quality
83.7,259.25,quality
83.8,259.75,quality
83.9,260.25,quality
84,260.75,quality
84.1,261.25,quality
84.2,261.75,quality
84.3,262.25,quality
84.4,262.75,quality
84.5,263.25,quality
84.6,263.75,quality
84.7,264.25,quality
84.8,264.75,quality
84.9,265.25,quality
85,265.75,quality
85.1,266.25,quality
85.2,266.75,quality
85.3,267.25,quality
85.4,267.75,quality
85.5,268.25,quality
85.6,268.75,quality
85.7,269.25,quality
85.8,269.75,quality
85.9,270.25,quality
86,270.75,quality
86.1,271.25,quality
86.2,271.75,quality
86.3,272.25,quality
86.4,272.75,quality
86.5,273.25,quality
86.6,273.75,quality
86.7,274.25,quality
86.8,274.75,quality
86.9,275.25,quality
87,275.75,quality
87.1,276.25,quality
87.2,276.75,quality
87.3,277.25,quality
87.4,277.75,quality
87.5,278.25,quality
87.6,278.75,quality
87.7,279.25,quality
87.8,279.75,quality
87.9,280.25,quality
88,280.75,quality
88.1,281.25,quality
88.2,281.75,quality
88.3,282.25,quality
88.4,282.75,quality
88.5,283.25,quality
88.6,283.75,quality
88.7,284.25,quality
88.8,284.75,quality
88.9,285.25,quality
89,285.75,quality
89.1,286.25,quality
89.2,286.75,quality
89.3,287.75,quality
89.4,288.75,quality
89.5,289.75,quality
89.6,290.75,quality
89.7,291.75,quality
89.8,292.75,quality
89.9,293.75,quality
90,294.75,quality
90.1,295.75,quality
90.2,296.75,quality
90.3,297.75,quality
90.4,298.75,quality
90.5,299.75,quality
90.6,300.75,quality
90.7,301.75,quality
90.8,302.75,quality
90.9,303.75,quality
91,304.75,quality
91.1,305.75,quality
91.2,306.75,quality
91.3,307.75,quality
91.4,308.75,quality
91.5,309.75,quality
91.6,310.75,quality
91.7,311.75,quality
91.8,312.75,quality
91.9,313.75,quality
92,314.75,quality
92.1,315.75,quality
92.2,316.75,quality
92.3,317.75,quality
92.4,318.75,quality
92.5,319.75,quality
92.6,320.75,quality
92.7,321.75,quality
92.8,322.75,quality
92.9,323.75,quality
93,324.75,quality
93.1,325.75,quality
93.2,326.75,quality
93.3,327.75,quality
93.4,328.75,quality
93.5,329.75,quality
93.6,330.75,quality
93.7,331.75,quality
93.8,332.75,quality
93.9,333.75,quality
94,334.75,quality
94.1,335.75,quality
94.2,336.75,quality
94.3,337.75,quality
94.4,338.75,quality
94.5,339.75,quality
94.6,340.75,quality
94.7,341.75,quality
94.8,342.75,quality
94.9,343.75,quality
95,344.75,quality
95.1,345.75,quality
95.2,346.75,quality
95.3,347.75,quality
95.4,348.75,quality
95.5,349.75,quality
95.6,350.75,quality
95.7,351.75,quality
95.8,352.75,quality
95.9,353.75,quality
96,354.75,quality
96.1,355.75,quality
96.2,356.75,quality
96.3,357.75,quality
96.4,358.75,quality
96.5,359.75,quality
96.6,360.75,quality
96.7,361.75,quality